{"stats":{"minecraft:picked_up":{"minecraft:birch_log":7,"minecraft:feather":2,"minecraft:rotten_flesh":1,"ecologics:coconut_slice":6,"projectvibrantjourneys:fallen_leaves":1,"pointblank:gunmetal_nugget":2,"minecraft:bread":1,"minecraft:gunpowder":2},"minecraft:killed":{"minecraft:zombie":2},"minecraft:mined":{"minecraft:grass":1,"minecraft:birch_log":7,"minecraft:tall_grass":4,"projectvibrantjourneys:fallen_leaves":1},"minecraft:killed_by":{"minecraft:zombie":1},"minecraft:crafted":{"minecraft:wooden_sword":1,"minecraft:birch_planks":28,"minecraft:crafting_table":1,"minecraft:stick":4},"minecraft:used":{"ecologics:coconut_slice":3,"minecraft:wooden_sword":23,"minecraft:crafting_table":1,"marbledsarsenal:police_baton":15},"minecraft:custom":{"minecraft:time_since_rest":3116,"minecraft:crouch_one_cm":229,"minecraft:play_time":9109,"minecraft:sprint_one_cm":44013,"minecraft:walk_one_cm":70587,"minecraft:damage_taken":503,"minecraft:deaths":2,"minecraft:sneak_time":19,"minecraft:walk_under_water_one_cm":2872,"minecraft:mob_kills":2,"minecraft:jump":195,"minecraft:damage_dealt":691,"minecraft:time_since_death":3022,"minecraft:walk_on_water_one_cm":5874,"minecraft:total_world_time":9109,"minecraft:swim_one_cm":17987,"minecraft:interact_with_crafting_table":1,"minecraft:fall_one_cm":4361,"minecraft:fly_one_cm":42332}},"DataVersion":3465}