{"stats":{"minecraft:crafted":{"minecraft:crafting_table":1,"ecologics:coconut_planks":36,"minecraft:stick":8,"minecraft:iron_ingot":3,"minecraft:wooden_pickaxe":1,"minecraft:iron_pickaxe":1,"minecraft:stone_pickaxe":1,"minecraft:torch":12,"minecraft:air":0},"minecraft:killed":{"minecraft:sheep":1,"minecraft:zombie":5,"alexsmobs:raccoon":3,"alexsmobs:seagull":1},"minecraft:used":{"minecraft:stone_pickaxe":10,"minecraft:bread":4,"minecraft:iron_pickaxe":39,"minecraft:wooden_pickaxe":4,"marbledsarsenal:police_baton":65,"ecologics:coconut_slice":2,"minecraft:torch":4,"minecraft:mossy_cobblestone":1,"minecraft:cobblestone":8,"minecraft:crafting_table":1},"minecraft:custom":{"minecraft:time_since_rest":13038,"minecraft:interact_with_furnace":4,"minecraft:sprint_one_cm":48445,"minecraft:damage_taken":121,"minecraft:walk_one_cm":17052,"minecraft:mob_kills":10,"minecraft:damage_dealt":423,"minecraft:interact_with_crafting_table":4,"minecraft:swim_one_cm":5288,"minecraft:fly_one_cm":86380,"minecraft:crouch_one_cm":130,"minecraft:play_time":13038,"minecraft:sneak_time":433,"minecraft:walk_under_water_one_cm":1528,"minecraft:jump":448,"minecraft:leave_game":2,"minecraft:time_since_death":13038,"minecraft:walk_on_water_one_cm":8089,"minecraft:climb_one_cm":145,"minecraft:total_world_time":13038,"minecraft:fall_one_cm":10583},"minecraft:picked_up":{"minecraft:stick":1,"minecraft:raw_iron":7,"minecraft:feather":2,"ecologics:coconut_slice":2,"projectvibrantjourneys:bark_mushroom":3,"minecraft:torch":2,"pointblank:gunmetal_nugget":14,"create:raw_zinc":1,"minecraft:gunpowder":2,"minecraft:mossy_cobblestone":1,"minecraft:raw_copper":29,"minecraft:rotten_flesh":5,"minecraft:wheat_seeds":3,"k_turrets:raw_titanium":6,"ecologics:coconut_log":9,"alexsmobs:raccoon_tail":1,"projectvibrantjourneys:twigs":1,"minecraft:mutton":2,"minecraft:coal":6,"minecraft:white_wool":1,"minecraft:cobblestone":14},"minecraft:mined":{"create:zinc_ore":1,"minecraft:mossy_cobblestone":1,"minecraft:iron_ore":7,"minecraft:torch":3,"projectvibrantjourneys:rocks":2,"k_turrets:titanium_ore":6,"minecraft:grass":11,"projectvibrantjourneys:twigs":1,"minecraft:coal_ore":9,"projectvibrantjourneys:short_grass":1,"minecraft:vine":2,"projectvibrantjourneys:mossy_rocks":2,"minecraft:copper_ore":8,"minecraft:tall_grass":8,"ecologics:coconut_log":9,"minecraft:stone":15}},"DataVersion":3465}