{"stats":{"minecraft:picked_up":{"minecraft:crafting_table":6,"minecraft:feather":4,"ecologics:coconut_planks":128,"minecraft:wooden_pickaxe":5,"create:raw_zinc":16,"minecraft:gunpowder":5,"marbledsarsenal:cm6m_gas_mask":3,"minecraft:paper":9,"minecraft:raw_copper":78,"minecraft:leather_boots":3,"minecraft:bone":7,"minecraft:wheat_seeds":4,"minecraft:iron_ingot":7,"minecraft:stone_pickaxe":4,"alexsmobs:raccoon_tail":3,"minecraft:iron_pickaxe":2,"minecraft:iron_nugget":4,"minecraft:light_gray_wool":1,"farmersdelight:cabbage_seeds":1,"minecraft:furnace":1,"minecraft:stick":1,"minecraft:raw_iron":13,"marbledsarsenal:police_baton":2,"minecraft:sweet_berries":16,"ecologics:coconut_slice":2,"projectvibrantjourneys:bark_mushroom":21,"minecraft:torch":14,"ecologics:coconut_seedling":6,"projectvibrantjourneys:bones":1,"minecraft:porkchop":4,"pointblank:gunmetal_nugget":71,"psg:sulphur":94,"ecologics:coconut_husk":12,"minecraft:mossy_cobblestone":1,"alexsmobs:animal_dictionary":4,"pointblank:m1911a1":2,"pointblank:ammo45acp":45,"minecraft:rotten_flesh":40,"minecraft:slime_ball":4,"minecraft:stone_axe":1,"k_turrets:raw_titanium":14,"ecologics:coconut_log":9,"projectvibrantjourneys:twigs":7,"minecraft:mutton":6,"minecraft:coal":57,"projectvibrantjourneys:pinecones":2,"minecraft:white_wool":6,"minecraft:cobblestone":14},"minecraft:killed":{"minecraft:pig":2,"hordes:zombie_player":1,"minecraft:zombie_villager":1,"alexsmobs:raccoon":3,"alexsmobs:seagull":1,"minecraft:sheep":3,"minecraft:zombie":14},"minecraft:mined":{"create:zinc_ore":1,"farmersdelight:organic_compost":1,"minecraft:mossy_cobblestone":1,"projectvibrantjourneys:rocks":2,"psg:sulphur_ore":3,"minecraft:torch":3,"projectvibrantjourneys:twigs":1,"projectvibrantjourneys:mossy_rocks":2,"minecraft:cobblestone":1,"minecraft:tall_grass":11,"minecraft:copper_ore":8,"ecologics:coconut_log":9,"projectvibrantjourneys:fallen_leaves":1,"minecraft:wall_torch":1,"projectvibrantjourneys:light_brown_bark_mushroom":1,"minecraft:iron_ore":7,"minecraft:sweet_berry_bush":14,"projectvibrantjourneys:bones":1,"k_turrets:titanium_ore":6,"minecraft:grass":24,"minecraft:coal_ore":13,"projectvibrantjourneys:short_grass":13,"minecraft:vine":2,"minecraft:stone":17},"minecraft:killed_by":{"minecraft:zombie":1},"minecraft:crafted":{"minecraft:crafting_table":1,"ecologics:coconut_planks":36,"minecraft:spruce_planks":32,"minecraft:wooden_pickaxe":1,"minecraft:air":0,"minecraft:stick":8,"minecraft:iron_ingot":3,"minecraft:iron_pickaxe":1,"minecraft:stone_pickaxe":1,"minecraft:torch":12},"minecraft:used":{"minecraft:stone_pickaxe":10,"minecraft:spruce_planks":32,"minecraft:wooden_pickaxe":4,"minecraft:rotten_flesh":5,"minecraft:torch":5,"minecraft:mossy_cobblestone":1,"minecraft:mutton":6,"minecraft:crafting_table":1,"projectvibrantjourneys:bones":1,"minecraft:bread":14,"minecraft:iron_pickaxe":53,"marbledsarsenal:police_baton":203,"ecologics:coconut_slice":2,"minecraft:light_gray_wool":1,"minecraft:cobblestone":8,"minecraft:sweet_berries":7,"minecraft:potato":4},"minecraft:dropped":{"alexsmobs:animal_dictionary":2,"projectvibrantjourneys:twigs":2,"minecraft:crafting_table":4,"minecraft:leather_boots":1,"projectvibrantjourneys:pinecones":1,"minecraft:slime_ball":2,"minecraft:stone_pickaxe":2,"minecraft:wooden_pickaxe":4,"alexsmobs:raccoon_tail":1,"projectvibrantjourneys:bark_mushroom":12,"marbledsarsenal:cm6m_gas_mask":1},"minecraft:custom":{"minecraft:interact_with_furnace":4,"minecraft:mob_kills":27,"minecraft:interact_with_crafting_table":4,"minecraft:leave_game":4,"minecraft:time_since_death":16150,"minecraft:sleep_in_bed":1,"minecraft:climb_one_cm":767,"minecraft:time_since_rest":16695,"minecraft:sprint_one_cm":160699,"minecraft:damage_taken":823,"minecraft:walk_one_cm":47000,"minecraft:drop":20,"minecraft:damage_dealt":2983,"minecraft:swim_one_cm":22602,"minecraft:fly_one_cm":295343,"minecraft:talked_to_villager":4,"minecraft:open_chest":8,"minecraft:crouch_one_cm":532,"minecraft:play_time":34273,"minecraft:sneak_time":703,"minecraft:deaths":1,"minecraft:walk_under_water_one_cm":2920,"minecraft:jump":1389,"minecraft:walk_on_water_one_cm":13433,"minecraft:total_world_time":34273,"minecraft:fall_one_cm":37414}},"DataVersion":3465}