{"stats":{"minecraft:crafted":{"minecraft:crafting_table":1,"ecologics:coconut_planks":36,"minecraft:stick":8},"minecraft:killed":{"alexsmobs:raccoon":3,"alexsmobs:seagull":1},"minecraft:used":{"ecologics:coconut_slice":2,"minecraft:crafting_table":1,"minecraft:bread":2,"marbledsarsenal:police_baton":36},"minecraft:custom":{"minecraft:time_since_rest":7038,"minecraft:crouch_one_cm":88,"minecraft:play_time":7038,"minecraft:sprint_one_cm":24859,"minecraft:damage_taken":68,"minecraft:walk_one_cm":5878,"minecraft:sneak_time":324,"minecraft:walk_under_water_one_cm":294,"minecraft:mob_kills":4,"minecraft:jump":209,"minecraft:damage_dealt":181,"minecraft:leave_game":2,"minecraft:walk_on_water_one_cm":2894,"minecraft:time_since_death":7038,"minecraft:total_world_time":7038,"minecraft:swim_one_cm":2510,"minecraft:interact_with_crafting_table":1,"minecraft:fall_one_cm":6095,"minecraft:fly_one_cm":52142},"minecraft:picked_up":{"minecraft:stick":1,"minecraft:feather":2,"ecologics:coconut_slice":2,"projectvibrantjourneys:bark_mushroom":3,"minecraft:wheat_seeds":3,"ecologics:coconut_log":9,"alexsmobs:raccoon_tail":1,"projectvibrantjourneys:twigs":1},"minecraft:mined":{"minecraft:grass":10,"projectvibrantjourneys:twigs":1,"projectvibrantjourneys:short_grass":1,"minecraft:tall_grass":8,"ecologics:coconut_log":9}},"DataVersion":3465}