{"stats":{"minecraft:crafted":{"minecraft:crafting_table":1,"ecologics:coconut_planks":36,"minecraft:wooden_pickaxe":1,"minecraft:air":0,"minecraft:stick":8,"minecraft:iron_ingot":3,"minecraft:iron_pickaxe":1,"minecraft:stone_pickaxe":1,"minecraft:torch":12},"minecraft:dropped":{"alexsmobs:animal_dictionary":2,"projectvibrantjourneys:twigs":2,"minecraft:crafting_table":4,"minecraft:leather_boots":1,"minecraft:slime_ball":2,"minecraft:stone_pickaxe":2,"minecraft:wooden_pickaxe":3,"alexsmobs:raccoon_tail":1,"projectvibrantjourneys:bark_mushroom":12,"marbledsarsenal:cm6m_gas_mask":1},"minecraft:killed":{"hordes:zombie_player":1,"minecraft:zombie_villager":1,"alexsmobs:raccoon":3,"alexsmobs:seagull":1,"minecraft:sheep":3,"minecraft:zombie":14},"minecraft:killed_by":{"minecraft:zombie":1},"minecraft:used":{"minecraft:stone_pickaxe":10,"minecraft:wooden_pickaxe":4,"minecraft:rotten_flesh":4,"minecraft:torch":5,"minecraft:mossy_cobblestone":1,"minecraft:mutton":6,"minecraft:crafting_table":1,"minecraft:bread":10,"minecraft:iron_pickaxe":45,"marbledsarsenal:police_baton":192,"minecraft:light_gray_wool":1,"ecologics:coconut_slice":2,"minecraft:cobblestone":8,"minecraft:sweet_berries":4,"minecraft:potato":4},"minecraft:custom":{"minecraft:interact_with_furnace":4,"minecraft:mob_kills":25,"minecraft:interact_with_crafting_table":4,"minecraft:leave_game":4,"minecraft:time_since_death":4748,"minecraft:sleep_in_bed":1,"minecraft:climb_one_cm":460,"minecraft:time_since_rest":5293,"minecraft:sprint_one_cm":117089,"minecraft:damage_taken":690,"minecraft:walk_one_cm":37343,"minecraft:drop":18,"minecraft:damage_dealt":2733,"minecraft:swim_one_cm":14067,"minecraft:talked_to_villager":4,"minecraft:fly_one_cm":190327,"minecraft:open_chest":4,"minecraft:crouch_one_cm":531,"minecraft:play_time":22871,"minecraft:deaths":1,"minecraft:sneak_time":672,"minecraft:walk_under_water_one_cm":2439,"minecraft:jump":936,"minecraft:walk_on_water_one_cm":11741,"minecraft:total_world_time":22871,"minecraft:fall_one_cm":20317},"minecraft:picked_up":{"minecraft:crafting_table":6,"minecraft:feather":4,"ecologics:coconut_planks":128,"minecraft:wooden_pickaxe":5,"create:raw_zinc":16,"minecraft:gunpowder":5,"marbledsarsenal:cm6m_gas_mask":3,"minecraft:paper":9,"minecraft:raw_copper":78,"minecraft:leather_boots":3,"minecraft:bone":6,"minecraft:wheat_seeds":4,"minecraft:iron_ingot":7,"minecraft:stone_pickaxe":4,"minecraft:iron_nugget":4,"minecraft:iron_pickaxe":2,"minecraft:light_gray_wool":1,"alexsmobs:raccoon_tail":3,"farmersdelight:cabbage_seeds":1,"minecraft:furnace":1,"minecraft:stick":1,"minecraft:raw_iron":13,"marbledsarsenal:police_baton":2,"minecraft:sweet_berries":16,"ecologics:coconut_slice":2,"projectvibrantjourneys:bark_mushroom":21,"minecraft:torch":14,"ecologics:coconut_seedling":6,"psg:sulphur":94,"pointblank:gunmetal_nugget":71,"ecologics:coconut_husk":12,"alexsmobs:animal_dictionary":4,"minecraft:mossy_cobblestone":1,"pointblank:ammo45acp":45,"pointblank:m1911a1":2,"minecraft:rotten_flesh":39,"minecraft:slime_ball":4,"minecraft:stone_axe":1,"k_turrets:raw_titanium":14,"ecologics:coconut_log":9,"projectvibrantjourneys:twigs":4,"minecraft:mutton":6,"minecraft:coal":55,"projectvibrantjourneys:pinecones":1,"minecraft:white_wool":6,"minecraft:cobblestone":14},"minecraft:mined":{"create:zinc_ore":1,"minecraft:mossy_cobblestone":1,"projectvibrantjourneys:rocks":2,"psg:sulphur_ore":3,"minecraft:torch":3,"projectvibrantjourneys:twigs":1,"projectvibrantjourneys:mossy_rocks":2,"minecraft:copper_ore":8,"minecraft:tall_grass":11,"ecologics:coconut_log":9,"projectvibrantjourneys:fallen_leaves":1,"minecraft:wall_torch":1,"minecraft:sweet_berry_bush":14,"minecraft:iron_ore":7,"projectvibrantjourneys:bones":1,"k_turrets:titanium_ore":6,"minecraft:grass":23,"minecraft:coal_ore":11,"projectvibrantjourneys:short_grass":9,"minecraft:vine":2,"minecraft:stone":15}},"DataVersion":3465}