{"stats":{"minecraft:killed":{"alexsmobs:raccoon":3},"minecraft:used":{"marbledsarsenal:police_baton":28},"minecraft:custom":{"minecraft:jump":24,"minecraft:time_since_rest":1038,"minecraft:damage_dealt":181,"minecraft:crouch_one_cm":1,"minecraft:sprint_one_cm":4640,"minecraft:leave_game":2,"minecraft:play_time":1038,"minecraft:damage_taken":18,"minecraft:time_since_death":1038,"minecraft:walk_one_cm":2064,"minecraft:sneak_time":18,"minecraft:total_world_time":1038,"minecraft:mob_kills":3,"minecraft:fall_one_cm":685,"minecraft:fly_one_cm":3560},"minecraft:picked_up":{"alexsmobs:raccoon_tail":1,"minecraft:wheat_seeds":2,"ecologics:coconut_log":1},"minecraft:mined":{"minecraft:grass":8,"minecraft:tall_grass":6,"ecologics:coconut_log":2}},"DataVersion":3465}