{"stats":{"minecraft:crafted":{"minecraft:crafting_table":1,"minecraft:wooden_pickaxe":1,"ecologics:walnut_planks":48,"minecraft:stone_pickaxe":1},"minecraft:dropped":{"projectvibrantjourneys:light_brown_bark_mushroom":1,"ecologics:walnut_sapling":15,"minecraft:wooden_pickaxe":1},"minecraft:killed":{"minecraft:sheep":4,"minecraft:cow":4},"minecraft:used":{"minecraft:bread":2,"minecraft:stone_pickaxe":12,"minecraft:wooden_pickaxe":4,"marbledsarsenal:police_baton":25,"minecraft:mutton":2,"minecraft:beef":1,"minecraft:crafting_table":2,"alexsmobs:animal_dictionary":1,"minecraft:gray_wool":1},"minecraft:custom":{"minecraft:time_since_rest":11814,"minecraft:sprint_one_cm":33196,"minecraft:damage_taken":40,"minecraft:walk_one_cm":21083,"minecraft:mob_kills":8,"minecraft:drop":3,"minecraft:damage_dealt":719,"minecraft:swim_one_cm":7723,"minecraft:interact_with_crafting_table":2,"minecraft:fly_one_cm":101161,"minecraft:play_time":11814,"minecraft:walk_under_water_one_cm":393,"minecraft:jump":380,"minecraft:time_since_death":11814,"minecraft:walk_on_water_one_cm":1549,"minecraft:total_world_time":11814,"minecraft:fall_one_cm":16383},"minecraft:mined":{"psg:sulphur_ore":3,"minecraft:crafting_table":2,"k_turrets:titanium_ore":5,"minecraft:grass":6,"projectvibrantjourneys:twigs":2,"projectvibrantjourneys:short_grass":1,"ecologics:walnut_leaves":2,"minecraft:copper_ore":4,"minecraft:tall_grass":2,"ecologics:walnut_log":12,"minecraft:stone":3},"minecraft:picked_up":{"projectvibrantjourneys:light_brown_bark_mushroom":1,"minecraft:stick":11,"minecraft:crafting_table":2,"ecologics:walnut":24,"ecologics:walnut_log":12,"minecraft:leather":4,"psg:sulphur":13,"minecraft:raw_copper":14,"ecologics:walnut_sapling":15,"k_turrets:raw_titanium":5,"minecraft:beef":8,"minecraft:gray_wool":1,"minecraft:mutton":5,"minecraft:white_wool":3,"minecraft:cobblestone":3}},"DataVersion":3465}