{"stats":{"minecraft:picked_up":{"ecologics:walnut_planks":82,"minecraft:crafting_table":2,"ecologics:walnut":24,"projectvibrantjourneys:icicle":1,"minecraft:andesite":1,"minecraft:leather":8,"minecraft:gunpowder":2,"marbledsarsenal:cm6m_gas_mask":1,"minecraft:blue_bed":2,"minecraft:moss_carpet":6,"minecraft:raw_copper":92,"minecraft:leather_boots":1,"minecraft:purple_carpet":1,"ecologics:walnut_sapling":15,"minecraft:wheat_seeds":3,"minecraft:iron_ingot":1,"minecraft:stone_pickaxe":1,"minecraft:beef":8,"pointblank:workstation":3,"minecraft:furnace":5,"projectvibrantjourneys:light_brown_bark_mushroom":1,"minecraft:stick":17,"minecraft:raw_iron":23,"marbledsarsenal:police_baton":1,"minecraft:smooth_basalt":1,"minecraft:cooked_porkchop":5,"ecologics:walnut_log":12,"minecraft:copper_ingot":14,"minecraft:torch":9,"minecraft:gravel":1,"minecraft:sand":1,"pointblank:gunmetal_nugget":15,"minecraft:porkchop":5,"psg:sulphur":26,"minecraft:spruce_sapling":1,"alexsmobs:animal_dictionary":1,"pointblank:m1911a1":2,"minecraft:rotten_flesh":12,"minecraft:slime_ball":1,"minecraft:tropical_fish":3,"k_turrets:raw_titanium":10,"minecraft:bone_meal":1,"minecraft:gray_wool":1,"minecraft:bread":1,"minecraft:black_wool":2,"minecraft:mutton":13,"minecraft:coal":19,"minecraft:white_wool":18,"minecraft:cobblestone":14},"minecraft:killed":{"minecraft:pig":2,"minecraft:zombie_villager":1,"minecraft:sheep":9,"minecraft:pillager":4,"minecraft:zombie":6,"minecraft:cow":4},"minecraft:mined":{"minecraft:spruce_planks":1,"psg:sulphur_ore":3,"minecraft:crafting_table":2,"minecraft:torch":3,"projectvibrantjourneys:twigs":2,"minecraft:grass_block":1,"ecologics:walnut_leaves":2,"minecraft:tall_grass":2,"minecraft:copper_ore":13,"minecraft:cobblestone":8,"minecraft:spruce_leaves":2,"minecraft:blue_bed":2,"minecraft:wall_torch":3,"minecraft:furnace":3,"minecraft:iron_ore":23,"minecraft:andesite":1,"k_turrets:titanium_ore":5,"minecraft:grass":8,"minecraft:coal_ore":20,"projectvibrantjourneys:short_grass":2,"minecraft:purple_carpet":1,"minecraft:gravel":1,"minecraft:sand":1,"pointblank:workstation":2,"minecraft:smooth_basalt":2,"ecologics:walnut_log":12,"projectvibrantjourneys:seashells":1,"minecraft:stone":6,"minecraft:white_wool":4},"minecraft:killed_by":{"minecraft:pillager":1},"minecraft:crafted":{"minecraft:cooked_porkchop":5,"minecraft:crafting_table":1,"minecraft:wooden_pickaxe":1,"ecologics:walnut_planks":48,"minecraft:furnace":1,"minecraft:copper_ingot":14,"minecraft:cooked_mutton":5,"minecraft:air":0,"minecraft:iron_ingot":1,"minecraft:stone_pickaxe":1,"minecraft:dark_oak_planks":24,"minecraft:torch":4},"minecraft:used":{"minecraft:cooked_mutton":5,"minecraft:tropical_fish":3,"minecraft:stone_pickaxe":84,"minecraft:wooden_pickaxe":4,"minecraft:blue_bed":1,"projectvibrantjourneys:icicle":1,"minecraft:white_wool":4,"minecraft:torch":7,"minecraft:sand":1,"minecraft:mutton":3,"minecraft:crafting_table":3,"minecraft:dark_oak_planks":8,"minecraft:bread":5,"marbledsarsenal:police_baton":80,"minecraft:gravel":1,"minecraft:smooth_basalt":1,"pointblank:workstation":1,"minecraft:cobblestone":1,"minecraft:beef":8,"minecraft:cooked_porkchop":5,"minecraft:furnace":3,"ecologics:walnut":24,"alexsmobs:animal_dictionary":1,"minecraft:gray_wool":1,"minecraft:purple_carpet":1},"minecraft:dropped":{"minecraft:moss_carpet":6,"minecraft:wheat_seeds":3,"minecraft:cobblestone":1,"ecologics:walnut_sapling":15,"projectvibrantjourneys:light_brown_bark_mushroom":1,"minecraft:bone_meal":1,"minecraft:wooden_pickaxe":1,"minecraft:tripwire_hook":3,"pointblank:m1911a1":1,"minecraft:spruce_sapling":1},"minecraft:custom":{"minecraft:interact_with_furnace":16,"minecraft:mob_kills":26,"minecraft:interact_with_crafting_table":5,"minecraft:damage_dealt_resisted":44,"minecraft:leave_game":1,"minecraft:time_since_death":619,"minecraft:sleep_in_bed":1,"minecraft:climb_one_cm":42,"minecraft:time_since_rest":645,"minecraft:sprint_one_cm":172163,"minecraft:damage_taken":1483,"minecraft:walk_one_cm":104781,"minecraft:drop":12,"minecraft:damage_dealt":2006,"minecraft:talked_to_villager":4,"minecraft:swim_one_cm":78261,"minecraft:fly_one_cm":439413,"minecraft:open_chest":4,"minecraft:crouch_one_cm":653,"minecraft:play_time":39764,"minecraft:deaths":2,"minecraft:sneak_time":439,"minecraft:walk_under_water_one_cm":10282,"minecraft:jump":1650,"minecraft:walk_on_water_one_cm":12269,"minecraft:total_world_time":39764,"minecraft:fall_one_cm":74366}},"DataVersion":3465}