{"stats":{"minecraft:crafted":{"ecologics:walnut_planks":48},"minecraft:dropped":{"ecologics:walnut_sapling":15,"projectvibrantjourneys:light_brown_bark_mushroom":1},"minecraft:killed":{"minecraft:sheep":4},"minecraft:used":{"minecraft:mutton":2,"minecraft:bread":2,"alexsmobs:animal_dictionary":1,"minecraft:gray_wool":1,"marbledsarsenal:police_baton":11},"minecraft:custom":{"minecraft:time_since_rest":5814,"minecraft:play_time":5814,"minecraft:sprint_one_cm":23177,"minecraft:damage_taken":40,"minecraft:walk_one_cm":14699,"minecraft:walk_under_water_one_cm":194,"minecraft:mob_kills":4,"minecraft:drop":2,"minecraft:jump":219,"minecraft:damage_dealt":319,"minecraft:walk_on_water_one_cm":1485,"minecraft:time_since_death":5814,"minecraft:total_world_time":5814,"minecraft:swim_one_cm":4028,"minecraft:fall_one_cm":9136,"minecraft:fly_one_cm":64671},"minecraft:mined":{"projectvibrantjourneys:twigs":2,"minecraft:grass":3,"ecologics:walnut_leaves":2,"minecraft:tall_grass":2,"ecologics:walnut_log":12},"minecraft:picked_up":{"projectvibrantjourneys:light_brown_bark_mushroom":1,"minecraft:stick":11,"ecologics:walnut":24,"ecologics:walnut_log":12,"ecologics:walnut_sapling":15,"minecraft:gray_wool":1,"minecraft:mutton":5,"minecraft:white_wool":3}},"DataVersion":3465}