{"stats":{"minecraft:crafted":{"minecraft:crafting_table":1,"minecraft:wooden_pickaxe":1,"ecologics:walnut_planks":48,"minecraft:stone_pickaxe":1},"minecraft:dropped":{"projectvibrantjourneys:light_brown_bark_mushroom":1,"minecraft:wheat_seeds":1,"ecologics:walnut_sapling":15,"minecraft:wooden_pickaxe":1},"minecraft:killed":{"minecraft:sheep":9,"minecraft:zombie":2,"minecraft:cow":4},"minecraft:used":{"minecraft:bread":2,"minecraft:stone_pickaxe":13,"minecraft:wooden_pickaxe":4,"marbledsarsenal:police_baton":46,"minecraft:sand":1,"minecraft:mutton":2,"minecraft:beef":7,"minecraft:crafting_table":2,"ecologics:walnut":24,"alexsmobs:animal_dictionary":1,"minecraft:gray_wool":1},"minecraft:custom":{"minecraft:time_since_rest":17814,"minecraft:sprint_one_cm":73242,"minecraft:damage_taken":187,"minecraft:walk_one_cm":35890,"minecraft:mob_kills":15,"minecraft:drop":4,"minecraft:damage_dealt":1120,"minecraft:swim_one_cm":61931,"minecraft:interact_with_crafting_table":2,"minecraft:fly_one_cm":212135,"minecraft:crouch_one_cm":394,"minecraft:play_time":17814,"minecraft:sneak_time":29,"minecraft:walk_under_water_one_cm":2487,"minecraft:jump":803,"minecraft:time_since_death":17814,"minecraft:walk_on_water_one_cm":8008,"minecraft:climb_one_cm":42,"minecraft:total_world_time":17814,"minecraft:fall_one_cm":36379},"minecraft:mined":{"minecraft:spruce_planks":1,"minecraft:iron_ore":1,"psg:sulphur_ore":3,"minecraft:crafting_table":2,"k_turrets:titanium_ore":5,"minecraft:grass":8,"projectvibrantjourneys:twigs":2,"minecraft:grass_block":1,"projectvibrantjourneys:short_grass":2,"ecologics:walnut_leaves":2,"minecraft:sand":1,"minecraft:copper_ore":4,"minecraft:tall_grass":2,"projectvibrantjourneys:seashells":1,"ecologics:walnut_log":12,"minecraft:stone":3},"minecraft:picked_up":{"minecraft:raw_iron":1,"projectvibrantjourneys:light_brown_bark_mushroom":1,"minecraft:stick":11,"minecraft:crafting_table":2,"ecologics:walnut":24,"ecologics:walnut_log":12,"minecraft:leather":4,"minecraft:sand":1,"pointblank:gunmetal_nugget":6,"psg:sulphur":13,"minecraft:raw_copper":14,"minecraft:rotten_flesh":1,"ecologics:walnut_sapling":15,"minecraft:wheat_seeds":1,"k_turrets:raw_titanium":5,"minecraft:beef":8,"minecraft:gray_wool":1,"minecraft:black_wool":1,"minecraft:mutton":11,"minecraft:white_wool":7,"minecraft:cobblestone":3}},"DataVersion":3465}