{"stats":{"minecraft:crafted":{"minecraft:cooked_porkchop":5,"minecraft:crafting_table":1,"minecraft:wooden_pickaxe":1,"ecologics:walnut_planks":48,"minecraft:furnace":1,"minecraft:copper_ingot":14,"minecraft:cooked_mutton":5,"minecraft:air":0,"minecraft:iron_ingot":1,"minecraft:stone_pickaxe":1,"minecraft:torch":4},"minecraft:dropped":{"minecraft:wheat_seeds":1,"ecologics:walnut_sapling":15,"projectvibrantjourneys:light_brown_bark_mushroom":1,"minecraft:wooden_pickaxe":1,"pointblank:m1911a1":1},"minecraft:killed":{"minecraft:pig":2,"minecraft:zombie_villager":1,"minecraft:sheep":9,"minecraft:zombie":4,"minecraft:cow":4},"minecraft:used":{"minecraft:cooked_mutton":3,"minecraft:stone_pickaxe":26,"minecraft:wooden_pickaxe":4,"minecraft:white_wool":4,"minecraft:torch":2,"minecraft:sand":1,"minecraft:mutton":3,"minecraft:crafting_table":3,"minecraft:bread":2,"marbledsarsenal:police_baton":60,"minecraft:beef":8,"minecraft:furnace":2,"ecologics:walnut":24,"alexsmobs:animal_dictionary":1,"minecraft:purple_carpet":1,"minecraft:gray_wool":1},"minecraft:custom":{"minecraft:interact_with_furnace":15,"minecraft:mob_kills":20,"minecraft:interact_with_crafting_table":5,"minecraft:damage_dealt_resisted":44,"minecraft:leave_game":1,"minecraft:time_since_death":28125,"minecraft:sleep_in_bed":1,"minecraft:climb_one_cm":42,"minecraft:time_since_rest":8854,"minecraft:sprint_one_cm":107654,"minecraft:damage_taken":319,"minecraft:walk_one_cm":61920,"minecraft:drop":5,"minecraft:damage_dealt":1367,"minecraft:swim_one_cm":73280,"minecraft:fly_one_cm":279896,"minecraft:open_chest":1,"minecraft:crouch_one_cm":394,"minecraft:play_time":28125,"minecraft:sneak_time":30,"minecraft:walk_under_water_one_cm":2912,"minecraft:jump":1003,"minecraft:walk_on_water_one_cm":9274,"minecraft:total_world_time":28125,"minecraft:fall_one_cm":44950},"minecraft:mined":{"minecraft:spruce_planks":1,"psg:sulphur_ore":3,"minecraft:crafting_table":2,"projectvibrantjourneys:twigs":2,"minecraft:grass_block":1,"ecologics:walnut_leaves":2,"minecraft:tall_grass":2,"minecraft:copper_ore":4,"minecraft:cobblestone":8,"minecraft:wall_torch":1,"minecraft:furnace":2,"minecraft:iron_ore":1,"minecraft:grass":8,"k_turrets:titanium_ore":5,"minecraft:coal_ore":1,"projectvibrantjourneys:short_grass":2,"minecraft:purple_carpet":1,"minecraft:sand":1,"ecologics:walnut_log":12,"projectvibrantjourneys:seashells":1,"minecraft:stone":3,"minecraft:white_wool":4},"minecraft:picked_up":{"ecologics:walnut_planks":60,"minecraft:crafting_table":2,"ecologics:walnut":24,"minecraft:leather":4,"minecraft:gunpowder":1,"minecraft:raw_copper":14,"minecraft:purple_carpet":1,"ecologics:walnut_sapling":15,"minecraft:wheat_seeds":1,"minecraft:beef":8,"minecraft:furnace":2,"projectvibrantjourneys:light_brown_bark_mushroom":1,"minecraft:stick":11,"minecraft:raw_iron":1,"ecologics:walnut_log":12,"minecraft:torch":1,"psg:sulphur":13,"minecraft:porkchop":5,"pointblank:gunmetal_nugget":7,"minecraft:sand":1,"pointblank:m1911a1":1,"minecraft:rotten_flesh":4,"k_turrets:raw_titanium":5,"minecraft:gray_wool":1,"minecraft:black_wool":1,"minecraft:mutton":13,"minecraft:coal":1,"minecraft:white_wool":11,"minecraft:cobblestone":11}},"DataVersion":3465}