{"stats":{"minecraft:killed":{"minecraft:sheep":1,"minecraft:zombie":5,"alexsmobs:gazelle":1,"alexsmobs:rattlesnake":1},"minecraft:picked_up":{"minecraft:crafting_table":1,"minecraft:stick":3,"minecraft:raw_iron":1,"projectvibrantjourneys:fallen_leaves":2,"projectvibrantjourneys:bark_mushroom":3,"pointblank:gunmetal_nugget":16,"minecraft:spruce_sapling":5,"minecraft:gunpowder":1,"minecraft:spruce_log":13,"alexsmobs:gazelle_horn":1,"minecraft:string":2,"minecraft:bone":1,"minecraft:rotten_flesh":4,"minecraft:wheat_seeds":1,"minecraft:hay_block":21,"minecraft:mutton":2,"minecraft:coal":3,"minecraft:white_wool":1,"minecraft:cobblestone":16},"minecraft:custom":{"minecraft:time_since_rest":2087,"minecraft:sprint_one_cm":121664,"minecraft:damage_taken":501,"minecraft:walk_one_cm":48576,"minecraft:mob_kills":8,"minecraft:drop":1,"minecraft:damage_dealt":278,"minecraft:swim_one_cm":14137,"minecraft:interact_with_crafting_table":4,"minecraft:talked_to_villager":1,"minecraft:fly_one_cm":270081,"minecraft:open_chest":1,"minecraft:crouch_one_cm":790,"minecraft:play_time":33449,"minecraft:deaths":1,"minecraft:sneak_time":576,"minecraft:walk_under_water_one_cm":1454,"minecraft:jump":883,"minecraft:leave_game":3,"minecraft:time_since_death":933,"minecraft:walk_on_water_one_cm":4937,"minecraft:sleep_in_bed":1,"minecraft:total_world_time":33449,"minecraft:fall_one_cm":19808},"minecraft:used":{"minecraft:stone_pickaxe":18,"minecraft:bread":9,"minecraft:spruce_planks":7,"minecraft:wooden_pickaxe":3,"marbledsarsenal:police_baton":11,"minecraft:stone_axe":1,"minecraft:hay_block":1,"minecraft:crafting_table":1},"minecraft:mined":{"minecraft:hay_block":22,"minecraft:iron_ore":1,"minecraft:spruce_log":13,"projectvibrantjourneys:bark_mushroom":1,"minecraft:crafting_table":1,"projectvibrantjourneys:twigs":1,"minecraft:coal_ore":3,"projectvibrantjourneys:short_grass":1,"minecraft:spruce_leaves":1,"minecraft:stone":16},"minecraft:crafted":{"minecraft:crafting_table":1,"minecraft:spruce_planks":52,"minecraft:stick":12,"minecraft:wooden_pickaxe":1,"minecraft:stone_pickaxe":1,"minecraft:stone_axe":1},"minecraft:killed_by":{"minecraft:zombie_villager":1},"minecraft:dropped":{"minecraft:wheat_seeds":1}},"DataVersion":3465}