{"stats":{"minecraft:crafted":{"minecraft:crafting_table":1,"ecologics:coconut_planks":112,"minecraft:stick":4,"minecraft:iron_ingot":10,"minecraft:wooden_pickaxe":1,"minecraft:iron_pickaxe":1,"minecraft:stone_pickaxe":1,"minecraft:furnace":1,"minecraft:torch":4,"minecraft:stone_axe":1,"minecraft:air":0},"minecraft:dropped":{"minecraft:stone_axe":1,"minecraft:wheat_seeds":1},"minecraft:killed":{"minecraft:zombie":6},"minecraft:used":{"minecraft:bread":5,"minecraft:stone_pickaxe":75,"minecraft:iron_pickaxe":55,"minecraft:wooden_pickaxe":7,"marbledsarsenal:police_baton":22,"minecraft:stone_axe":2,"ecologics:coconut_slice":3,"minecraft:cobblestone":2,"minecraft:crafting_table":2,"minecraft:furnace":1},"minecraft:custom":{"minecraft:time_since_rest":17751,"minecraft:interact_with_furnace":9,"minecraft:sprint_one_cm":50557,"minecraft:walk_one_cm":48843,"minecraft:damage_taken":259,"minecraft:mob_kills":6,"minecraft:drop":2,"minecraft:damage_dealt":974,"minecraft:swim_one_cm":4807,"minecraft:interact_with_crafting_table":9,"minecraft:fly_one_cm":123167,"minecraft:crouch_one_cm":8577,"minecraft:play_time":17751,"minecraft:sneak_time":2819,"minecraft:walk_under_water_one_cm":1494,"minecraft:jump":535,"minecraft:time_since_death":17751,"minecraft:walk_on_water_one_cm":4260,"minecraft:total_world_time":17751,"minecraft:fall_one_cm":15761},"minecraft:picked_up":{"projectvibrantjourneys:light_brown_bark_mushroom":2,"minecraft:raw_iron":12,"minecraft:stick":5,"minecraft:crafting_table":3,"ecologics:coconut_slice":10,"projectvibrantjourneys:bark_mushroom":3,"ecologics:coconut_seedling":6,"pointblank:gunmetal_nugget":2,"psg:sulphur":49,"create:raw_zinc":14,"minecraft:gunpowder":1,"minecraft:raw_copper":42,"minecraft:bone":1,"minecraft:rotten_flesh":5,"minecraft:stone_axe":1,"minecraft:wheat_seeds":1,"k_turrets:raw_titanium":2,"ecologics:coconut_log":28,"minecraft:bread":2,"minecraft:coal":47,"minecraft:cobblestone":35,"minecraft:furnace":1},"minecraft:mined":{"create:zinc_ore":15,"minecraft:furnace":1,"minecraft:iron_ore":13,"psg:sulphur_ore":12,"minecraft:crafting_table":3,"k_turrets:titanium_ore":2,"minecraft:coal_ore":45,"minecraft:copper_ore":13,"minecraft:tall_grass":7,"minecraft:cobblestone":1,"ecologics:coconut_log":28,"minecraft:stone":35}},"DataVersion":3465}