{"stats":{"minecraft:killed":{"minecraft:sheep":1,"minecraft:zombie":5,"alexsmobs:gazelle":1,"alexsmobs:rattlesnake":1},"minecraft:picked_up":{"minecraft:crafting_table":1,"minecraft:stick":4,"minecraft:raw_iron":1,"ecologics:coconut_slice":2,"projectvibrantjourneys:fallen_leaves":2,"projectvibrantjourneys:bark_mushroom":3,"pointblank:gunmetal_nugget":16,"minecraft:spruce_sapling":5,"minecraft:gunpowder":1,"minecraft:spruce_log":13,"alexsmobs:gazelle_horn":1,"minecraft:string":2,"minecraft:bone":1,"minecraft:rotten_flesh":4,"minecraft:wheat_seeds":1,"ecologics:coconut_log":5,"minecraft:hay_block":21,"projectvibrantjourneys:orange_bark_mushroom":1,"minecraft:mutton":2,"minecraft:coal":3,"minecraft:white_wool":1,"minecraft:cobblestone":27},"minecraft:custom":{"minecraft:time_since_rest":7793,"minecraft:sprint_one_cm":141728,"minecraft:damage_taken":521,"minecraft:walk_one_cm":63045,"minecraft:mob_kills":8,"minecraft:drop":1,"minecraft:damage_dealt":278,"minecraft:swim_one_cm":14137,"minecraft:interact_with_crafting_table":7,"minecraft:talked_to_villager":1,"minecraft:fly_one_cm":292558,"minecraft:open_chest":3,"minecraft:crouch_one_cm":1534,"minecraft:play_time":39155,"minecraft:deaths":1,"minecraft:sneak_time":812,"minecraft:walk_under_water_one_cm":1454,"minecraft:jump":971,"minecraft:leave_game":3,"minecraft:time_since_death":6639,"minecraft:walk_on_water_one_cm":4937,"minecraft:sleep_in_bed":1,"minecraft:total_world_time":39155,"minecraft:fall_one_cm":23127},"minecraft:used":{"minecraft:stone_pickaxe":18,"minecraft:bread":9,"minecraft:spruce_planks":7,"minecraft:wooden_pickaxe":17,"marbledsarsenal:police_baton":11,"minecraft:stone_axe":1,"minecraft:hay_block":1,"minecraft:crafting_table":2},"minecraft:mined":{"minecraft:hay_block":22,"minecraft:iron_ore":1,"minecraft:spruce_log":13,"projectvibrantjourneys:bark_mushroom":1,"minecraft:crafting_table":1,"projectvibrantjourneys:twigs":2,"minecraft:coal_ore":3,"projectvibrantjourneys:short_grass":1,"ecologics:coconut_log":5,"minecraft:spruce_leaves":1,"minecraft:stone":29},"minecraft:crafted":{"ecologics:coconut_planks":20,"minecraft:crafting_table":2,"minecraft:spruce_planks":52,"minecraft:stick":20,"minecraft:wooden_pickaxe":2,"minecraft:stone_pickaxe":1,"minecraft:stone_axe":1},"minecraft:killed_by":{"minecraft:zombie_villager":1},"minecraft:dropped":{"minecraft:wheat_seeds":1}},"DataVersion":3465}