{"stats":{"minecraft:picked_up":{"minecraft:crafting_table":5,"create:raw_zinc":14,"minecraft:gunpowder":4,"minecraft:string":2,"minecraft:raw_copper":42,"minecraft:bone":4,"minecraft:wheat_seeds":3,"minecraft:light_gray_wool":1,"minecraft:furnace":1,"projectvibrantjourneys:light_brown_bark_mushroom":6,"minecraft:polished_andesite_stairs":2,"minecraft:stick":6,"minecraft:raw_iron":12,"minecraft:sweet_berries":34,"ecologics:coconut_slice":20,"projectvibrantjourneys:bark_mushroom":8,"ecologics:coconut_seedling":7,"psg:sulphur":94,"pointblank:gunmetal_nugget":26,"minecraft:sand":1,"minecraft:rotten_flesh":7,"minecraft:slime_ball":1,"minecraft:stone_axe":1,"k_turrets:raw_titanium":6,"ecologics:coconut_log":79,"minecraft:bread":2,"minecraft:mutton":1,"minecraft:coal":48,"minecraft:cobblestone":70},"minecraft:killed":{"alexsmobs:raccoon":1,"minecraft:sheep":1,"minecraft:zombie":29},"minecraft:mined":{"create:zinc_ore":15,"psg:sulphur_ore":19,"minecraft:crafting_table":5,"minecraft:polished_andesite_stairs":2,"minecraft:tall_grass":8,"minecraft:copper_ore":13,"minecraft:cobblestone":11,"ecologics:coconut_log":81,"minecraft:furnace":1,"minecraft:iron_ore":13,"minecraft:sweet_berry_bush":1,"k_turrets:titanium_ore":6,"minecraft:grass":2,"minecraft:coal_ore":46,"projectvibrantjourneys:short_grass":2,"minecraft:sand":1,"minecraft:stone":61},"minecraft:broken":{"minecraft:stone_axe":1},"minecraft:crafted":{"minecraft:crafting_table":2,"ecologics:coconut_planks":152,"minecraft:wooden_pickaxe":2,"minecraft:furnace":1,"minecraft:stone_axe":3,"minecraft:air":0,"minecraft:stick":12,"minecraft:iron_ingot":10,"minecraft:iron_pickaxe":1,"minecraft:stone_pickaxe":2,"minecraft:torch":4},"minecraft:used":{"minecraft:stone_pickaxe":114,"minecraft:wooden_pickaxe":12,"minecraft:rotten_flesh":1,"minecraft:torch":1,"minecraft:sand":1,"minecraft:crafting_table":4,"minecraft:bread":5,"minecraft:iron_pickaxe":64,"marbledsarsenal:police_baton":43,"minecraft:stone_axe":130,"ecologics:coconut_slice":18,"minecraft:cobblestone":38,"minecraft:sweet_berries":31,"minecraft:furnace":1},"minecraft:dropped":{"minecraft:stone_axe":1,"minecraft:wheat_seeds":2,"projectvibrantjourneys:light_brown_bark_mushroom":2},"minecraft:custom":{"minecraft:interact_with_furnace":9,"minecraft:mob_kills":32,"minecraft:interact_with_crafting_table":13,"minecraft:leave_game":2,"minecraft:time_since_death":16759,"minecraft:time_since_rest":16772,"minecraft:sprint_one_cm":142416,"minecraft:damage_taken":728,"minecraft:walk_one_cm":159108,"minecraft:drop":5,"minecraft:damage_dealt":5670,"minecraft:swim_one_cm":19025,"minecraft:fly_one_cm":296619,"minecraft:crouch_one_cm":12658,"minecraft:play_time":38596,"minecraft:deaths":1,"minecraft:sneak_time":4914,"minecraft:walk_under_water_one_cm":1968,"minecraft:jump":1398,"minecraft:walk_on_water_one_cm":7838,"minecraft:total_world_time":38596,"minecraft:fall_one_cm":36327}},"DataVersion":3465}