{"stats":{"minecraft:crafted":{"minecraft:crafting_table":2,"ecologics:coconut_planks":152,"minecraft:stick":12,"minecraft:wooden_pickaxe":2,"minecraft:iron_ingot":10,"minecraft:iron_pickaxe":1,"minecraft:stone_pickaxe":2,"minecraft:furnace":1,"minecraft:torch":4,"minecraft:stone_axe":3,"minecraft:air":0},"minecraft:dropped":{"projectvibrantjourneys:light_brown_bark_mushroom":2,"minecraft:stone_axe":1,"minecraft:wheat_seeds":2},"minecraft:killed":{"minecraft:sheep":1,"minecraft:zombie":10},"minecraft:used":{"minecraft:stone_pickaxe":101,"minecraft:bread":5,"minecraft:iron_pickaxe":64,"minecraft:wooden_pickaxe":12,"marbledsarsenal:police_baton":43,"minecraft:torch":1,"minecraft:stone_axe":14,"ecologics:coconut_slice":10,"minecraft:sand":1,"minecraft:cobblestone":22,"minecraft:crafting_table":4,"minecraft:furnace":1},"minecraft:custom":{"minecraft:time_since_rest":5135,"minecraft:damage_taken":428,"minecraft:interact_with_furnace":9,"minecraft:sprint_one_cm":98898,"minecraft:walk_one_cm":100187,"minecraft:mob_kills":11,"minecraft:drop":5,"minecraft:damage_dealt":1529,"minecraft:swim_one_cm":14764,"minecraft:interact_with_crafting_table":13,"minecraft:fly_one_cm":210027,"minecraft:crouch_one_cm":11521,"minecraft:play_time":26959,"minecraft:deaths":1,"minecraft:sneak_time":3824,"minecraft:walk_under_water_one_cm":1877,"minecraft:jump":953,"minecraft:leave_game":2,"minecraft:time_since_death":5122,"minecraft:walk_on_water_one_cm":6589,"minecraft:total_world_time":26959,"minecraft:fall_one_cm":26837},"minecraft:picked_up":{"minecraft:crafting_table":5,"projectvibrantjourneys:light_brown_bark_mushroom":4,"minecraft:stick":5,"minecraft:raw_iron":12,"ecologics:coconut_slice":10,"projectvibrantjourneys:bark_mushroom":4,"ecologics:coconut_seedling":6,"minecraft:sand":1,"pointblank:gunmetal_nugget":4,"psg:sulphur":94,"create:raw_zinc":14,"minecraft:gunpowder":1,"minecraft:raw_copper":42,"minecraft:bone":1,"minecraft:rotten_flesh":6,"minecraft:stone_axe":1,"minecraft:wheat_seeds":2,"k_turrets:raw_titanium":6,"ecologics:coconut_log":48,"minecraft:bread":2,"minecraft:light_gray_wool":1,"minecraft:mutton":1,"minecraft:coal":48,"minecraft:cobblestone":60,"minecraft:furnace":1},"minecraft:mined":{"create:zinc_ore":15,"minecraft:furnace":1,"minecraft:iron_ore":13,"psg:sulphur_ore":19,"minecraft:crafting_table":5,"k_turrets:titanium_ore":6,"minecraft:coal_ore":46,"projectvibrantjourneys:short_grass":1,"minecraft:sand":1,"minecraft:copper_ore":13,"minecraft:tall_grass":7,"minecraft:cobblestone":1,"ecologics:coconut_log":49,"minecraft:stone":61}},"DataVersion":3465}