{"stats":{"minecraft:crafted":{"minecraft:crafting_table":1,"ecologics:coconut_planks":112,"minecraft:stick":4,"minecraft:wooden_pickaxe":1,"minecraft:stone_pickaxe":1,"minecraft:stone_axe":1},"minecraft:dropped":{"minecraft:stone_axe":1,"minecraft:wheat_seeds":1},"minecraft:used":{"minecraft:bread":4,"minecraft:stone_pickaxe":46,"minecraft:wooden_pickaxe":7,"marbledsarsenal:police_baton":2,"minecraft:stone_axe":1,"minecraft:crafting_table":2},"minecraft:custom":{"minecraft:time_since_rest":11751,"minecraft:sprint_one_cm":36652,"minecraft:walk_one_cm":18817,"minecraft:damage_taken":137,"minecraft:drop":2,"minecraft:damage_dealt":99,"minecraft:swim_one_cm":4479,"minecraft:interact_with_crafting_table":4,"minecraft:fly_one_cm":89684,"minecraft:crouch_one_cm":4541,"minecraft:play_time":11751,"minecraft:sneak_time":1826,"minecraft:walk_under_water_one_cm":129,"minecraft:jump":316,"minecraft:time_since_death":11751,"minecraft:walk_on_water_one_cm":1796,"minecraft:total_world_time":11751,"minecraft:fall_one_cm":9765},"minecraft:mined":{"minecraft:iron_ore":4,"minecraft:crafting_table":2,"minecraft:coal_ore":35,"minecraft:tall_grass":7,"ecologics:coconut_log":28,"minecraft:stone":14},"minecraft:picked_up":{"projectvibrantjourneys:light_brown_bark_mushroom":2,"minecraft:raw_iron":4,"minecraft:stick":5,"minecraft:crafting_table":2,"ecologics:coconut_slice":10,"projectvibrantjourneys:bark_mushroom":3,"ecologics:coconut_seedling":6,"minecraft:stone_axe":1,"minecraft:wheat_seeds":1,"ecologics:coconut_log":28,"minecraft:bread":2,"minecraft:coal":35,"minecraft:cobblestone":14}},"DataVersion":3465}