{"stats":{"minecraft:killed":{"alexsmobs:lobster":8,"alexsmobs:rattlesnake":1,"minecraft:sheep":1,"minecraft:zombie":12,"alexsmobs:gazelle":1},"minecraft:custom":{"minecraft:interact_with_furnace":6,"minecraft:mob_kills":23,"minecraft:interact_with_crafting_table":10,"minecraft:leave_game":4,"minecraft:time_since_death":20145,"minecraft:sleep_in_bed":1,"minecraft:time_since_rest":21299,"minecraft:sprint_one_cm":176684,"minecraft:damage_taken":587,"minecraft:walk_one_cm":96316,"minecraft:drop":1,"minecraft:damage_dealt":2026,"minecraft:talked_to_villager":1,"minecraft:swim_one_cm":14184,"minecraft:fly_one_cm":315981,"minecraft:open_chest":4,"minecraft:crouch_one_cm":7036,"minecraft:play_time":52661,"minecraft:deaths":1,"minecraft:sneak_time":2860,"minecraft:walk_under_water_one_cm":1711,"minecraft:jump":1208,"minecraft:walk_on_water_one_cm":9709,"minecraft:total_world_time":52661,"minecraft:fall_one_cm":26088},"minecraft:picked_up":{"minecraft:crafting_table":2,"projectvibrantjourneys:fallen_leaves":2,"ecologics:coconut_planks":2,"create:raw_zinc":15,"minecraft:yellow_bed":1,"minecraft:gunpowder":1,"alexsmobs:gazelle_horn":1,"minecraft:string":3,"minecraft:raw_copper":97,"minecraft:bone":2,"minecraft:wheat_seeds":1,"minecraft:stick":5,"minecraft:raw_iron":5,"ecologics:coconut_slice":4,"psg:raw_potassium":4,"projectvibrantjourneys:bark_mushroom":5,"ecologics:coconut_seedling":1,"pointblank:gunmetal_nugget":22,"psg:sulphur":9,"minecraft:spruce_sapling":5,"minecraft:spruce_log":13,"minecraft:spider_eye":1,"minecraft:rotten_flesh":9,"k_turrets:raw_titanium":5,"minecraft:hay_block":21,"ecologics:coconut_log":13,"projectvibrantjourneys:orange_bark_mushroom":1,"minecraft:mutton":2,"minecraft:coal":18,"alexsmobs:lobster_tail":4,"minecraft:white_wool":1,"minecraft:cobblestone":53},"minecraft:used":{"minecraft:stone_sword":38,"minecraft:stone_pickaxe":91,"minecraft:spruce_planks":7,"minecraft:wooden_pickaxe":20,"ecologics:coconut_planks":4,"minecraft:crafting_table":3,"minecraft:bread":11,"minecraft:iron_pickaxe":28,"marbledsarsenal:police_baton":11,"minecraft:stone_axe":12,"ecologics:coconut_slice":4,"minecraft:cobblestone":6,"minecraft:hay_block":1,"minecraft:furnace":1},"minecraft:mined":{"create:zinc_ore":15,"ecologics:coconut_planks":2,"psg:potassium_ore":1,"minecraft:crafting_table":2,"psg:sulphur_ore":2,"projectvibrantjourneys:twigs":2,"projectvibrantjourneys:mossy_rocks":1,"minecraft:copper_ore":30,"minecraft:cobblestone":6,"ecologics:coconut_log":13,"minecraft:spruce_leaves":1,"minecraft:hay_block":22,"minecraft:iron_ore":5,"minecraft:spruce_log":13,"projectvibrantjourneys:bones":1,"projectvibrantjourneys:bark_mushroom":1,"minecraft:yellow_bed":1,"k_turrets:titanium_ore":5,"minecraft:coal_ore":18,"projectvibrantjourneys:short_grass":1,"minecraft:stone":49},"minecraft:crafted":{"alexsmobs:cooked_lobster_tail":4,"minecraft:crafting_table":2,"ecologics:coconut_planks":20,"minecraft:spruce_planks":52,"minecraft:wooden_pickaxe":2,"minecraft:furnace":1,"minecraft:stone_axe":2,"minecraft:air":0,"minecraft:stick":24,"minecraft:iron_ingot":4,"minecraft:iron_pickaxe":1,"minecraft:stone_pickaxe":2,"minecraft:stone_sword":1,"minecraft:torch":12},"minecraft:killed_by":{"minecraft:zombie_villager":1},"minecraft:dropped":{"minecraft:wheat_seeds":1}},"DataVersion":3465}