{"stats":{"minecraft:crafted":{"minecraft:stone_axe":1,"minecraft:crafting_table":1,"ecologics:coconut_planks":112,"minecraft:stick":4,"minecraft:wooden_pickaxe":1,"minecraft:stone_pickaxe":1},"minecraft:dropped":{"minecraft:stone_axe":1},"minecraft:used":{"minecraft:stone_axe":1,"minecraft:crafting_table":2,"minecraft:bread":1,"minecraft:stone_pickaxe":4,"minecraft:wooden_pickaxe":7},"minecraft:custom":{"minecraft:time_since_rest":5751,"minecraft:crouch_one_cm":2598,"minecraft:play_time":5751,"minecraft:sprint_one_cm":13291,"minecraft:damage_taken":117,"minecraft:walk_one_cm":9894,"minecraft:sneak_time":1066,"minecraft:drop":1,"minecraft:jump":92,"minecraft:time_since_death":5751,"minecraft:total_world_time":5751,"minecraft:fall_one_cm":2508,"minecraft:interact_with_crafting_table":4,"minecraft:fly_one_cm":21874},"minecraft:mined":{"minecraft:coal_ore":2,"ecologics:coconut_log":28,"minecraft:stone":9,"minecraft:crafting_table":2},"minecraft:picked_up":{"projectvibrantjourneys:light_brown_bark_mushroom":2,"minecraft:crafting_table":2,"minecraft:stick":5,"ecologics:coconut_slice":8,"minecraft:stone_axe":1,"projectvibrantjourneys:bark_mushroom":3,"ecologics:coconut_seedling":6,"ecologics:coconut_log":28,"minecraft:coal":2,"minecraft:cobblestone":9}},"DataVersion":3465}